Questions,Paragraphs,validity_new_prompt
Who is the mysterious old man that moved into the abandoned mansion on the hill in Meadowgrove?,"In the small town of Meadowgrove, a mysterious old man named Mr. Abernathy moved into the abandoned mansion on the hill. No one knew where he came from or why he chose to live in such a secluded place. As the weeks went by, the town's children began to notice strange lights and sounds coming from the mansion at night. Rumors started to spread that Mr. Abernathy was a warlock, practicing dark magic in his new home.",Yes
Where did the rumor start about Mr. Abernathy being a warlock?,"In the small town of Meadowgrove, a mysterious old man named Mr. Abernathy moved into the abandoned mansion on the hill. No one knew where he came from or why he chose to live in such a secluded place. As the weeks went by, the town's children began to notice strange lights and sounds coming from the mansion at night. Rumors started to spread that Mr. Abernathy was a warlock, practicing dark magic in his new home.",Yes
Why is Mr. Abernathy considered a mysterious figure in Meadowgrove?,"In the small town of Meadowgrove, a mysterious old man named Mr. Abernathy moved into the abandoned mansion on the hill. No one knew where he came from or why he chose to live in such a secluded place. As the weeks went by, the town's children began to notice strange lights and sounds coming from the mansion at night. Rumors started to spread that Mr. Abernathy was a warlock, practicing dark magic in his new home.",Yes
What made the town's children start noticing the mansion at night?,"In the small town of Meadowgrove, a mysterious old man named Mr. Abernathy moved into the abandoned mansion on the hill. No one knew where he came from or why he chose to live in such a secluded place. As the weeks went by, the town's children began to notice strange lights and sounds coming from the mansion at night. Rumors started to spread that Mr. Abernathy was a warlock, practicing dark magic in his new home.",Yes
What kind of sounds were heard coming from the mansion at night?,"In the small town of Meadowgrove, a mysterious old man named Mr. Abernathy moved into the abandoned mansion on the hill. No one knew where he came from or why he chose to live in such a secluded place. As the weeks went by, the town's children began to notice strange lights and sounds coming from the mansion at night. Rumors started to spread that Mr. Abernathy was a warlock, practicing dark magic in his new home.",Yes
What sparked the children's curiosity about the strange lights in the mansion?,"In the small town of Meadowgrove, a mysterious old man named Mr. Abernathy moved into the abandoned mansion on the hill. No one knew where he came from or why he chose to live in such a secluded place. As the weeks went by, the town's children began to notice strange lights and sounds coming from the mansion at night. Rumors started to spread that Mr. Abernathy was a warlock, practicing dark magic in his new home.",Yes
"What are the origins of Mr. Abernathy, as mentioned in the paragraph?","In the small town of Meadowgrove, a mysterious old man named Mr. Abernathy moved into the abandoned mansion on the hill. No one knew where he came from or why he chose to live in such a secluded place. As the weeks went by, the town's children began to notice strange lights and sounds coming from the mansion at night. Rumors started to spread that Mr. Abernathy was a warlock, practicing dark magic in his new home.",No
Why is Mr. Abernathy suspected of practicing dark magic?,"In the small town of Meadowgrove, a mysterious old man named Mr. Abernathy moved into the abandoned mansion on the hill. No one knew where he came from or why he chose to live in such a secluded place. As the weeks went by, the town's children began to notice strange lights and sounds coming from the mansion at night. Rumors started to spread that Mr. Abernathy was a warlock, practicing dark magic in his new home.",Yes
What is the location of the abandoned mansion that Mr. Abernathy moved into?,"In the small town of Meadowgrove, a mysterious old man named Mr. Abernathy moved into the abandoned mansion on the hill. No one knew where he came from or why he chose to live in such a secluded place. As the weeks went by, the town's children began to notice strange lights and sounds coming from the mansion at night. Rumors started to spread that Mr. Abernathy was a warlock, practicing dark magic in his new home.",Yes
"What is the town's reaction to the newcomer, Mr. Abernathy?","In the small town of Meadowgrove, a mysterious old man named Mr. Abernathy moved into the abandoned mansion on the hill. No one knew where he came from or why he chose to live in such a secluded place. As the weeks went by, the town's children began to notice strange lights and sounds coming from the mansion at night. Rumors started to spread that Mr. Abernathy was a warlock, practicing dark magic in his new home.",Yes
How old is the curious girl who sneaked out of her house?,"Little Emily, a curious and adventurous 8-year-old, decided to find out the truth for herself. One evening, she sneaked out of her house and approached the mansion. As she got closer, she saw a figure in the window, holding a glowing orb. Her heart pounded in her chest, but she forced herself to move closer. When she finally peeked through a crack in the window, she was surprised to see Mr. Abernathy holding a crystal ball, studying an ancient map.",No
What was the girl's objective when she approached the mansion?,"Little Emily, a curious and adventurous 8-year-old, decided to find out the truth for herself. One evening, she sneaked out of her house and approached the mansion. As she got closer, she saw a figure in the window, holding a glowing orb. Her heart pounded in her chest, but she forced herself to move closer. When she finally peeked through a crack in the window, she was surprised to see Mr. Abernathy holding a crystal ball, studying an ancient map.",Yes
"What did the figure in the window hold, as observed by Emily?","Little Emily, a curious and adventurous 8-year-old, decided to find out the truth for herself. One evening, she sneaked out of her house and approached the mansion. As she got closer, she saw a figure in the window, holding a glowing orb. Her heart pounded in her chest, but she forced herself to move closer. When she finally peeked through a crack in the window, she was surprised to see Mr. Abernathy holding a crystal ball, studying an ancient map.",Yes
How did Emily feel when she saw the figure in the window?,"Little Emily, a curious and adventurous 8-year-old, decided to find out the truth for herself. One evening, she sneaked out of her house and approached the mansion. As she got closer, she saw a figure in the window, holding a glowing orb. Her heart pounded in her chest, but she forced herself to move closer. When she finally peeked through a crack in the window, she was surprised to see Mr. Abernathy holding a crystal ball, studying an ancient map.",Yes
What object did Emily find Mr. Abernathy holding when she peeked through the window?,"Little Emily, a curious and adventurous 8-year-old, decided to find out the truth for herself. One evening, she sneaked out of her house and approached the mansion. As she got closer, she saw a figure in the window, holding a glowing orb. Her heart pounded in her chest, but she forced herself to move closer. When she finally peeked through a crack in the window, she was surprised to see Mr. Abernathy holding a crystal ball, studying an ancient map.",Yes
What was Mr. Abernathy studying in the mansion?,"Little Emily, a curious and adventurous 8-year-old, decided to find out the truth for herself. One evening, she sneaked out of her house and approached the mansion. As she got closer, she saw a figure in the window, holding a glowing orb. Her heart pounded in her chest, but she forced herself to move closer. When she finally peeked through a crack in the window, she was surprised to see Mr. Abernathy holding a crystal ball, studying an ancient map.",Yes
What was Emily's reaction when she saw Mr. Abernathy in the mansion?,"Little Emily, a curious and adventurous 8-year-old, decided to find out the truth for herself. One evening, she sneaked out of her house and approached the mansion. As she got closer, she saw a figure in the window, holding a glowing orb. Her heart pounded in her chest, but she forced herself to move closer. When she finally peeked through a crack in the window, she was surprised to see Mr. Abernathy holding a crystal ball, studying an ancient map.",Yes
What was visible in the crystal ball that Mr. Abernathy was holding?,"Little Emily, a curious and adventurous 8-year-old, decided to find out the truth for herself. One evening, she sneaked out of her house and approached the mansion. As she got closer, she saw a figure in the window, holding a glowing orb. Her heart pounded in her chest, but she forced herself to move closer. When she finally peeked through a crack in the window, she was surprised to see Mr. Abernathy holding a crystal ball, studying an ancient map.",No
What can be inferred about Mr. Abernathy based on the paragraph?,"Little Emily, a curious and adventurous 8-year-old, decided to find out the truth for herself. One evening, she sneaked out of her house and approached the mansion. As she got closer, she saw a figure in the window, holding a glowing orb. Her heart pounded in her chest, but she forced herself to move closer. When she finally peeked through a crack in the window, she was surprised to see Mr. Abernathy holding a crystal ball, studying an ancient map.",Yes
"What was the glowing object Emily saw in the figure's hand, which turned out to be a crystal ball?","Little Emily, a curious and adventurous 8-year-old, decided to find out the truth for herself. One evening, she sneaked out of her house and approached the mansion. As she got closer, she saw a figure in the window, holding a glowing orb. Her heart pounded in her chest, but she forced herself to move closer. When she finally peeked through a crack in the window, she was surprised to see Mr. Abernathy holding a crystal ball, studying an ancient map.",Yes
Who did Emily visit over the next few days?,"Over the next few days, Emily continued to visit the mansion, spying on Mr. Abernathy and his mysterious activities. She soon discovered that he was not a warlock, but an archaeologist, searching for a long-lost treasure hidden somewhere in the town. Excited by her discovery, Emily decided to help Mr. Abernathy, hoping to be a part of the adventure.",Yes
What was Mr. Abernathy initially thought to be by Emily?,"Over the next few days, Emily continued to visit the mansion, spying on Mr. Abernathy and his mysterious activities. She soon discovered that he was not a warlock, but an archaeologist, searching for a long-lost treasure hidden somewhere in the town. Excited by her discovery, Emily decided to help Mr. Abernathy, hoping to be a part of the adventure.",Yes
Who studied the ancient map with Emily?,"Together, Emily and Mr. Abernathy studied the ancient map, trying to decipher its clues. They spent countless hours researching the town's history, looking for any hints that could lead them to the treasure. As they worked together, a strong bond formed between them, and Emily found a mentor and a friend in Mr. Abernathy.",Yes
What did Emily and Mr. Abernathy do to the ancient map?,"Together, Emily and Mr. Abernathy studied the ancient map, trying to decipher its clues. They spent countless hours researching the town's history, looking for any hints that could lead them to the treasure. As they worked together, a strong bond formed between them, and Emily found a mentor and a friend in Mr. Abernathy.",No
How many hours did Emily and Mr. Abernathy spend researching the town's history?,"Together, Emily and Mr. Abernathy studied the ancient map, trying to decipher its clues. They spent countless hours researching the town's history, looking for any hints that could lead them to the treasure. As they worked together, a strong bond formed between them, and Emily found a mentor and a friend in Mr. Abernathy.",No
What were Emily and Mr. Abernathy looking for while researching the town's history?,"Together, Emily and Mr. Abernathy studied the ancient map, trying to decipher its clues. They spent countless hours researching the town's history, looking for any hints that could lead them to the treasure. As they worked together, a strong bond formed between them, and Emily found a mentor and a friend in Mr. Abernathy.",Yes
What relationship developed between Emily and Mr. Abernathy as they worked together?,"Together, Emily and Mr. Abernathy studied the ancient map, trying to decipher its clues. They spent countless hours researching the town's history, looking for any hints that could lead them to the treasure. As they worked together, a strong bond formed between them, and Emily found a mentor and a friend in Mr. Abernathy.",Yes
What role did Mr. Abernathy play in Emily's life?,"Together, Emily and Mr. Abernathy studied the ancient map, trying to decipher its clues. They spent countless hours researching the town's history, looking for any hints that could lead them to the treasure. As they worked together, a strong bond formed between them, and Emily found a mentor and a friend in Mr. Abernathy.",Yes
What did Emily find in Mr. Abernathy?,"Together, Emily and Mr. Abernathy studied the ancient map, trying to decipher its clues. They spent countless hours researching the town's history, looking for any hints that could lead them to the treasure. As they worked together, a strong bond formed between them, and Emily found a mentor and a friend in Mr. Abernathy.",Yes
What was the purpose of Emily and Mr. Abernathy's research?,"Together, Emily and Mr. Abernathy studied the ancient map, trying to decipher its clues. They spent countless hours researching the town's history, looking for any hints that could lead them to the treasure. As they worked together, a strong bond formed between them, and Emily found a mentor and a friend in Mr. Abernathy.",Yes
How did Emily and Mr. Abernathy study the map?,"Together, Emily and Mr. Abernathy studied the ancient map, trying to decipher its clues. They spent countless hours researching the town's history, looking for any hints that could lead them to the treasure. As they worked together, a strong bond formed between them, and Emily found a mentor and a friend in Mr. Abernathy.",Yes
What kind of map were Emily and Mr. Abernathy studying?,"Together, Emily and Mr. Abernathy studied the ancient map, trying to decipher its clues. They spent countless hours researching the town's history, looking for any hints that could lead them to the treasure. As they worked together, a strong bond formed between them, and Emily found a mentor and a friend in Mr. Abernathy.",No
Where did they find the location of the treasure?,"After weeks of research, they finally uncovered the location of the treasure, buried deep within the town's old mine. Excited by their discovery, they gathered a group of trusted friends and set off on their adventure. Armed with shovels and pickaxes, they dug deep into the ground, following the clues on the map.",Yes
How long did it take for them to find the treasure's location?,"After weeks of research, they finally uncovered the location of the treasure, buried deep within the town's old mine. Excited by their discovery, they gathered a group of trusted friends and set off on their adventure. Armed with shovels and pickaxes, they dug deep into the ground, following the clues on the map.",No
What was the hiding place of the treasure?,"After weeks of research, they finally uncovered the location of the treasure, buried deep within the town's old mine. Excited by their discovery, they gathered a group of trusted friends and set off on their adventure. Armed with shovels and pickaxes, they dug deep into the ground, following the clues on the map.",Yes
Who helped them in their adventure?,"After weeks of research, they finally uncovered the location of the treasure, buried deep within the town's old mine. Excited by their discovery, they gathered a group of trusted friends and set off on their adventure. Armed with shovels and pickaxes, they dug deep into the ground, following the clues on the map.",No
What tools did they bring for their treasure hunt?,"After weeks of research, they finally uncovered the location of the treasure, buried deep within the town's old mine. Excited by their discovery, they gathered a group of trusted friends and set off on their adventure. Armed with shovels and pickaxes, they dug deep into the ground, following the clues on the map.",Yes
What guided them as they dug into the ground?,"After weeks of research, they finally uncovered the location of the treasure, buried deep within the town's old mine. Excited by their discovery, they gathered a group of trusted friends and set off on their adventure. Armed with shovels and pickaxes, they dug deep into the ground, following the clues on the map.",Yes
Can you name the place where the treasure was buried?,"After weeks of research, they finally uncovered the location of the treasure, buried deep within the town's old mine. Excited by their discovery, they gathered a group of trusted friends and set off on their adventure. Armed with shovels and pickaxes, they dug deep into the ground, following the clues on the map.",Yes
What was the condition of the map they used?,"After weeks of research, they finally uncovered the location of the treasure, buried deep within the town's old mine. Excited by their discovery, they gathered a group of trusted friends and set off on their adventure. Armed with shovels and pickaxes, they dug deep into the ground, following the clues on the map.",No
How did they feel after discovering the treasure's location?,"After weeks of research, they finally uncovered the location of the treasure, buried deep within the town's old mine. Excited by their discovery, they gathered a group of trusted friends and set off on their adventure. Armed with shovels and pickaxes, they dug deep into the ground, following the clues on the map.",Yes
What was the age of the mine where the treasure was buried?,"After weeks of research, they finally uncovered the location of the treasure, buried deep within the town's old mine. Excited by their discovery, they gathered a group of trusted friends and set off on their adventure. Armed with shovels and pickaxes, they dug deep into the ground, following the clues on the map.",No
What did the group find when they dug deeper?,"As they dug deeper, they stumbled upon a hidden chamber, filled with ancient artifacts and treasures. Overwhelmed by their discovery, they carefully collected the treasure, making sure not to damage any of the priceless artifacts. Emily couldn't believe her eyes ? she was a part of history, uncovering a secret that had been lost for centuries.",Yes
What was the condition of the chamber they discovered?,"As they dug deeper, they stumbled upon a hidden chamber, filled with ancient artifacts and treasures. Overwhelmed by their discovery, they carefully collected the treasure, making sure not to damage any of the priceless artifacts. Emily couldn't believe her eyes ? she was a part of history, uncovering a secret that had been lost for centuries.",No
What did the group do after finding the treasure?,"As they dug deeper, they stumbled upon a hidden chamber, filled with ancient artifacts and treasures. Overwhelmed by their discovery, they carefully collected the treasure, making sure not to damage any of the priceless artifacts. Emily couldn't believe her eyes ? she was a part of history, uncovering a secret that had been lost for centuries.",Yes
Who took the lead in ensuring the artifacts were not damaged?,"As they dug deeper, they stumbled upon a hidden chamber, filled with ancient artifacts and treasures. Overwhelmed by their discovery, they carefully collected the treasure, making sure not to damage any of the priceless artifacts. Emily couldn't believe her eyes ? she was a part of history, uncovering a secret that had been lost for centuries.",Yes
What was Emily's reaction to the discovery?,"As they dug deeper, they stumbled upon a hidden chamber, filled with ancient artifacts and treasures. Overwhelmed by their discovery, they carefully collected the treasure, making sure not to damage any of the priceless artifacts. Emily couldn't believe her eyes ? she was a part of history, uncovering a secret that had been lost for centuries.",Yes
How did Emily describe her role in the discovery?,"As they dug deeper, they stumbled upon a hidden chamber, filled with ancient artifacts and treasures. Overwhelmed by their discovery, they carefully collected the treasure, making sure not to damage any of the priceless artifacts. Emily couldn't believe her eyes ? she was a part of history, uncovering a secret that had been lost for centuries.",Yes
Were the artifacts and treasures in the chamber modern or ancient?,"As they dug deeper, they stumbled upon a hidden chamber, filled with ancient artifacts and treasures. Overwhelmed by their discovery, they carefully collected the treasure, making sure not to damage any of the priceless artifacts. Emily couldn't believe her eyes ? she was a part of history, uncovering a secret that had been lost for centuries.",Yes
What emotions might the group have been experiencing when they found the treasure?,"As they dug deeper, they stumbled upon a hidden chamber, filled with ancient artifacts and treasures. Overwhelmed by their discovery, they carefully collected the treasure, making sure not to damage any of the priceless artifacts. Emily couldn't believe her eyes ? she was a part of history, uncovering a secret that had been lost for centuries.",Yes
Was the chamber easy to find or hidden?,"As they dug deeper, they stumbled upon a hidden chamber, filled with ancient artifacts and treasures. Overwhelmed by their discovery, they carefully collected the treasure, making sure not to damage any of the priceless artifacts. Emily couldn't believe her eyes ? she was a part of history, uncovering a secret that had been lost for centuries.",Yes
How long had the secret of the chamber been lost before the group discovered it?,"As they dug deeper, they stumbled upon a hidden chamber, filled with ancient artifacts and treasures. Overwhelmed by their discovery, they carefully collected the treasure, making sure not to damage any of the priceless artifacts. Emily couldn't believe her eyes ? she was a part of history, uncovering a secret that had been lost for centuries.",No
Who greeted them when they returned to the surface?,"Once they returned to the surface, they were greeted by the town's people, who had gathered to witness the historic event. Emily and Mr. Abernathy were hailed as heroes, and the treasure was donated to a local museum, where it was displayed for everyone to see. The town of Meadowgrove was buzzing with excitement, and Emily felt a sense of pride and accomplishment she had never experienced before.",Yes
What was the reaction of the town's people when they saw Emily and Mr. Abernathy?,"Once they returned to the surface, they were greeted by the town's people, who had gathered to witness the historic event. Emily and Mr. Abernathy were hailed as heroes, and the treasure was donated to a local museum, where it was displayed for everyone to see. The town of Meadowgrove was buzzing with excitement, and Emily felt a sense of pride and accomplishment she had never experienced before.",Yes
What did Emily and Mr. Abernathy do with the treasure?,"Once they returned to the surface, they were greeted by the town's people, who had gathered to witness the historic event. Emily and Mr. Abernathy were hailed as heroes, and the treasure was donated to a local museum, where it was displayed for everyone to see. The town of Meadowgrove was buzzing with excitement, and Emily felt a sense of pride and accomplishment she had never experienced before.",Yes
Where is the treasure displayed now?,"Once they returned to the surface, they were greeted by the town's people, who had gathered to witness the historic event. Emily and Mr. Abernathy were hailed as heroes, and the treasure was donated to a local museum, where it was displayed for everyone to see. The town of Meadowgrove was buzzing with excitement, and Emily felt a sense of pride and accomplishment she had never experienced before.",Yes
What was the mood in the town of Meadowgrove after the event?,"Once they returned to the surface, they were greeted by the town's people, who had gathered to witness the historic event. Emily and Mr. Abernathy were hailed as heroes, and the treasure was donated to a local museum, where it was displayed for everyone to see. The town of Meadowgrove was buzzing with excitement, and Emily felt a sense of pride and accomplishment she had never experienced before.",Yes
How did Emily feel after the historic event?,"Once they returned to the surface, they were greeted by the town's people, who had gathered to witness the historic event. Emily and Mr. Abernathy were hailed as heroes, and the treasure was donated to a local museum, where it was displayed for everyone to see. The town of Meadowgrove was buzzing with excitement, and Emily felt a sense of pride and accomplishment she had never experienced before.",Yes
Can you name the town where Emily and Mr. Abernathy were hailed as heroes?,"Once they returned to the surface, they were greeted by the town's people, who had gathered to witness the historic event. Emily and Mr. Abernathy were hailed as heroes, and the treasure was donated to a local museum, where it was displayed for everyone to see. The town of Meadowgrove was buzzing with excitement, and Emily felt a sense of pride and accomplishment she had never experienced before.",Yes
What did Emily and Mr. Abernathy's discovery bring to the town?,"Once they returned to the surface, they were greeted by the town's people, who had gathered to witness the historic event. Emily and Mr. Abernathy were hailed as heroes, and the treasure was donated to a local museum, where it was displayed for everyone to see. The town of Meadowgrove was buzzing with excitement, and Emily felt a sense of pride and accomplishment she had never experienced before.",Yes
Did Emily and Mr. Abernathy keep the treasure for themselves?,"Once they returned to the surface, they were greeted by the town's people, who had gathered to witness the historic event. Emily and Mr. Abernathy were hailed as heroes, and the treasure was donated to a local museum, where it was displayed for everyone to see. The town of Meadowgrove was buzzing with excitement, and Emily felt a sense of pride and accomplishment she had never experienced before.",No
"How did Emily feel when she saw the treasure in the museum? (This one is an assumption, as it doesn't explicitly say that in the paragraph, but it can be inferred from the context)","Once they returned to the surface, they were greeted by the town's people, who had gathered to witness the historic event. Emily and Mr. Abernathy were hailed as heroes, and the treasure was donated to a local museum, where it was displayed for everyone to see. The town of Meadowgrove was buzzing with excitement, and Emily felt a sense of pride and accomplishment she had never experienced before.",No
Who is the person that Emily continued to work with in the following months?,"In the following months, Emily continued to work with Mr. Abernathy, learning more about archaeology and history. She discovered a passion for adventure and exploration, and decided to pursue a career in archaeology. With Mr. Abernathy's guidance and support, she enrolled in a local university, determined to make her mark in the world of archaeology.",Yes
What is the field that Emily learned more about while working with Mr. Abernathy?,"In the following months, Emily continued to work with Mr. Abernathy, learning more about archaeology and history. She discovered a passion for adventure and exploration, and decided to pursue a career in archaeology. With Mr. Abernathy's guidance and support, she enrolled in a local university, determined to make her mark in the world of archaeology.",Yes
What two subjects did Emily develop a passion for?,"In the following months, Emily continued to work with Mr. Abernathy, learning more about archaeology and history. She discovered a passion for adventure and exploration, and decided to pursue a career in archaeology. With Mr. Abernathy's guidance and support, she enrolled in a local university, determined to make her mark in the world of archaeology.",Yes
What career did Emily pursue as she grew older?,"Years went by, and Emily became a respected archaeologist, traveling the world and uncovering hidden treasures. She never forgot her roots, and often returned to Meadowgrove, sharing her stories and experiences with the town's people. She remained close friends with Mr. Abernathy, who continued to live in the mansion, always searching for the next big discovery.",Yes
Where did Emily's work as an archaeologist take her?,"Years went by, and Emily became a respected archaeologist, traveling the world and uncovering hidden treasures. She never forgot her roots, and often returned to Meadowgrove, sharing her stories and experiences with the town's people. She remained close friends with Mr. Abernathy, who continued to live in the mansion, always searching for the next big discovery.",Yes
What kind of valuable items did Emily typically discover in her travels?,"Years went by, and Emily became a respected archaeologist, traveling the world and uncovering hidden treasures. She never forgot her roots, and often returned to Meadowgrove, sharing her stories and experiences with the town's people. She remained close friends with Mr. Abernathy, who continued to live in the mansion, always searching for the next big discovery.",Yes
Did Emily' remember where she came from?,"Years went by, and Emily became a respected archaeologist, traveling the world and uncovering hidden treasures. She never forgot her roots, and often returned to Meadowgrove, sharing her stories and experiences with the town's people. She remained close friends with Mr. Abernathy, who continued to live in the mansion, always searching for the next big discovery.",Yes
With whom did Emily share her stories and experiences?,"Years went by, and Emily became a respected archaeologist, traveling the world and uncovering hidden treasures. She never forgot her roots, and often returned to Meadowgrove, sharing her stories and experiences with the town's people. She remained close friends with Mr. Abernathy, who continued to live in the mansion, always searching for the next big discovery.",Yes
What is the name of Emily's hometown?,"Years went by, and Emily became a respected archaeologist, traveling the world and uncovering hidden treasures. She never forgot her roots, and often returned to Meadowgrove, sharing her stories and experiences with the town's people. She remained close friends with Mr. Abernathy, who continued to live in the mansion, always searching for the next big discovery.",Yes
How often did Emily visit her hometown?,"Years went by, and Emily became a respected archaeologist, traveling the world and uncovering hidden treasures. She never forgot her roots, and often returned to Meadowgrove, sharing her stories and experiences with the town's people. She remained close friends with Mr. Abernathy, who continued to live in the mansion, always searching for the next big discovery.",Yes
Who was Emily's close friend that lived in the mansion?,"Years went by, and Emily became a respected archaeologist, traveling the world and uncovering hidden treasures. She never forgot her roots, and often returned to Meadowgrove, sharing her stories and experiences with the town's people. She remained close friends with Mr. Abernathy, who continued to live in the mansion, always searching for the next big discovery.",Yes
What was Mr. Abernathy's continuous pursuit?,"Years went by, and Emily became a respected archaeologist, traveling the world and uncovering hidden treasures. She never forgot her roots, and often returned to Meadowgrove, sharing her stories and experiences with the town's people. She remained close friends with Mr. Abernathy, who continued to live in the mansion, always searching for the next big discovery.",Yes
What was Mr. Abernathy's residence called?,"Years went by, and Emily became a respected archaeologist, traveling the world and uncovering hidden treasures. She never forgot her roots, and often returned to Meadowgrove, sharing her stories and experiences with the town's people. She remained close friends with Mr. Abernathy, who continued to live in the mansion, always searching for the next big discovery.",No
Who did Emily's adventures inspire?,"Emily's adventures inspired a new generation of explorers, who followed in her footsteps, uncovering the mysteries of the past. The town of Meadowgrove became a hub for archaeologists and historians, and the mansion on the hill became a symbol of adventure and discovery. And through it all, Emily never forgot the curious and adventurous 8-year-old who started it all, and the mysterious old man who became her mentor and friend.",Yes
What kind of people were drawn to the town of Meadowgrove as a result of Emily's adventures?,"Emily's adventures inspired a new generation of explorers, who followed in her footsteps, uncovering the mysteries of the past. The town of Meadowgrove became a hub for archaeologists and historians, and the mansion on the hill became a symbol of adventure and discovery. And through it all, Emily never forgot the curious and adventurous 8-year-old who started it all, and the mysterious old man who became her mentor and friend.",Yes
What did the mansion on the hill become a symbol of?,"Emily's adventures inspired a new generation of explorers, who followed in her footsteps, uncovering the mysteries of the past. The town of Meadowgrove became a hub for archaeologists and historians, and the mansion on the hill became a symbol of adventure and discovery. And through it all, Emily never forgot the curious and adventurous 8-year-old who started it all, and the mysterious old man who became her mentor and friend.",Yes
Who was Emily's mentor and friend?,"Emily's adventures inspired a new generation of explorers, who followed in her footsteps, uncovering the mysteries of the past. The town of Meadowgrove became a hub for archaeologists and historians, and the mansion on the hill became a symbol of adventure and discovery. And through it all, Emily never forgot the curious and adventurous 8-year-old who started it all, and the mysterious old man who became her mentor and friend.",Yes
How old was Emily when she started her adventures?,"Emily's adventures inspired a new generation of explorers, who followed in her footsteps, uncovering the mysteries of the past. The town of Meadowgrove became a hub for archaeologists and historians, and the mansion on the hill became a symbol of adventure and discovery. And through it all, Emily never forgot the curious and adventurous 8-year-old who started it all, and the mysterious old man who became her mentor and friend.",No
What role did the mysterious old man play in Emily's adventures?,"Emily's adventures inspired a new generation of explorers, who followed in her footsteps, uncovering the mysteries of the past. The town of Meadowgrove became a hub for archaeologists and historians, and the mansion on the hill became a symbol of adventure and discovery. And through it all, Emily never forgot the curious and adventurous 8-year-old who started it all, and the mysterious old man who became her mentor and friend.",Yes
How did Emily's adventures contribute to the uncovering of past mysteries?,"Emily's adventures inspired a new generation of explorers, who followed in her footsteps, uncovering the mysteries of the past. The town of Meadowgrove became a hub for archaeologists and historians, and the mansion on the hill became a symbol of adventure and discovery. And through it all, Emily never forgot the curious and adventurous 8-year-old who started it all, and the mysterious old man who became her mentor and friend.",Yes
What impact did Emily's adventures have on the town of Meadowgrove?,"Emily's adventures inspired a new generation of explorers, who followed in her footsteps, uncovering the mysteries of the past. The town of Meadowgrove became a hub for archaeologists and historians, and the mansion on the hill became a symbol of adventure and discovery. And through it all, Emily never forgot the curious and adventurous 8-year-old who started it all, and the mysterious old man who became her mentor and friend.",Yes
Who was the 8-year-old that Emily never forgot?,"Emily's adventures inspired a new generation of explorers, who followed in her footsteps, uncovering the mysteries of the past. The town of Meadowgrove became a hub for archaeologists and historians, and the mansion on the hill became a symbol of adventure and discovery. And through it all, Emily never forgot the curious and adventurous 8-year-old who started it all, and the mysterious old man who became her mentor and friend.",Yes
"In addition to being a mentor, what other relationship did the mysterious old man have with Emily?","Emily's adventures inspired a new generation of explorers, who followed in her footsteps, uncovering the mysteries of the past. The town of Meadowgrove became a hub for archaeologists and historians, and the mansion on the hill became a symbol of adventure and discovery. And through it all, Emily never forgot the curious and adventurous 8-year-old who started it all, and the mysterious old man who became her mentor and friend.",No
